{
  "active_pixels_horizontal": 1952,
  "active_pixels_vertical": 1080,
  "actual_horizontal": 1952,
  "actual_vertical": 1080,
  "adc_to_degC_coeffs": [
    0.0,
    1.0,
    0.0
  ],
  "avg_resolution": 0.0,
  "bad_pixels": [],
  "baud_rate": 300,
  "bin_2x2": false,
  "buffers": "[array('B', [87, 80, 0, 0, 0, 0, 0, 0, 0, 0, 0, 0, 0, 0, 0, 0, 69, 77, 0, 0, 0, 0, 0, 0, 0, 0, 0, 0, 0, 0, 0, 0, 44, 1, 0, 0, 0, 0, 0, 0, 0, 5, 0, 10, 0, 15, 0, 0, 0, 0, 128, 63, 0, 0, 51, 51, 243, 63, 0, 0, 0, 0, 0, 12]), array('B', [86, 102, 65, 68, 165, 18, 46, 62, 16, 82, 32, 184, 58, 158, 3, 50, 0, 0, 0, 0, 0, 0, 128, 63, 0, 0, 0, 0, 20, 0, 10, 0, 0, 0, 0, 0, 0, 0, 128, 63, 0, 0, 0, 0, 16, 39, 122, 13, 54, 47, 50, 51, 47, 50, 48, 50, 49, 0, 0, 0, 69, 77, 68, 1]), array('B', [73, 77, 88, 51, 56, 53, 0, 0, 0, 0, 0, 0, 0, 0, 0, 0, 160, 7, 0, 56, 4, 0, 0, 0, 0, 160, 7, 0, 0, 0, 0, 0, 0, 0, 0, 0, 0, 0, 0, 0, 0, 0, 0, 0, 0, 128, 191, 0, 0, 128, 191, 0, 0, 128, 191, 0, 0, 128, 191, 0, 0, 128, 191, 2]), array('B', [0, 0, 0, 0, 0, 0, 0, 0, 0, 0, 0, 0, 0, 0, 0, 0, 0, 0, 0, 0, 0, 0, 0, 0, 0, 0, 0, 0, 0, 96, 234, 70, 0, 0, 250, 67, 0, 64, 68, 68, 1, 0, 0, 0, 136, 19, 0, 0, 0, 0, 0, 0, 0, 0, 0, 0, 0, 0, 0, 0, 0, 0, 0, 255]), array('B', [97, 116, 116, 101, 109, 112, 116, 101, 100, 32, 109, 111, 100, 105, 102, 121, 0, 0, 0, 0, 0, 0, 0, 0, 0, 0, 0, 0, 0, 0, 0, 0, 0, 0, 0, 0, 0, 0, 0, 0, 0, 0, 0, 0, 0, 0, 0, 0, 0, 0, 0, 0, 0, 0, 0, 0, 0, 0, 0, 0, 0, 0, 0, 1]), array('B', [255, 255, 255, 255, 255, 255, 255, 255, 255, 255, 255, 255, 255, 255, 255, 255, 255, 255, 255, 255, 255, 255, 255, 255, 255, 255, 255, 255, 255, 255, 0, 0, 0, 0, 0, 0, 0, 0, 0, 0, 0, 0, 0, 0, 0, 0, 0, 0, 0, 0, 0, 0, 0, 0, 0, 0, 0, 0, 0, 0, 0, 0, 0, 3]), array('B', [0, 0, 0, 0, 0, 0, 0, 0, 0, 0, 0, 0, 0, 0, 0, 0, 0, 0, 0, 0, 0, 0, 0, 0, 0, 0, 0, 0, 0, 0, 0, 0, 0, 0, 0, 0, 0, 0, 0, 0, 0, 0, 0, 0, 0, 0, 0, 0, 0, 0, 0, 0, 0, 0, 0, 0, 0, 0, 0, 0, 0, 0, 0, 0]), array('B', [0, 0, 0, 0, 10, 244, 1, 90, 4, 0, 0, 0, 0, 0, 0, 0, 0, 0, 0, 0, 0, 0, 0, 0, 0, 0, 0, 0, 0, 0, 0, 0, 0, 0, 0, 0, 0, 0, 0, 0, 0, 0, 0, 0, 0, 0, 0, 0, 0, 0, 0, 0, 0, 0, 0, 0, 0, 0, 0, 0, 0, 0, 0, 0])]",
  "calibrated_by": "EMD",
  "calibration_date": "6/23/2021",
  "cutoff_filter_installed": false,
  "degC_to_dac_coeffs": [
    0.0,
    1.0,
    0.0
  ],
  "detector": "IMX385",
  "detector_gain": 0.10546875,
  "detector_gain_odd": 1.899999976158142,
  "detector_offset": 0,
  "detector_offset_odd": 0,
  "digest": "93c748469c7991480f5e888a4892b212",
  "editable": [
    "excitation_nm",
    "excitation_nm_float",
    "detector_gain",
    "detector_offset",
    "detector_gain_odd",
    "detector_offset_odd",
    "calibrated_by",
    "calibration_date",
    "user_text",
    "wavelength_coeffs",
    "linearity_coeffs",
    "max_laser_power_mW",
    "min_laser_power_mW",
    "laser_power_coeffs",
    "bad_pixels",
    "bin_2x2",
    "gen15",
    "cutoff_filter_installed",
    "laser_warmup_sec",
    "roi_horizontal_end",
    "roi_horizontal_start",
    "roi_vertical_region_1_end",
    "roi_vertical_region_1_start",
    "roi_vertical_region_2_end",
    "roi_vertical_region_2_start",
    "roi_vertical_region_3_end",
    "roi_vertical_region_3_start",
    "raman_intensity_calibration_order",
    "raman_intensity_coeffs"
  ],
  "excitation_nm": 785.0,
  "excitation_nm_float": 785.0,
  "feature_mask": 65535,
  "format": 12,
  "gen15": false,
  "hardware_even_odd": false,
  "has_battery": false,
  "has_cooling": true,
  "has_laser_tec":  true,
  "has_laser": true,
  "invert_x_axis": false,
  "laser_power_coeffs": [
    0.0,
    0.0,
    0.0,
    0.0
  ],
  "laser_warmup_sec": 0,
  "linearity_coeffs": [
    -1.0,
    -1.0,
    -1.0,
    -1.0,
    -1.0
  ],
  "max_integration_time_ms": 5000,
  "max_laser_power_mW": 30000.0,
  "max_temp_degC": 20,
  "min_integration_time_ms": 1,
  "min_laser_power_mW": 500.0,
  "min_temp_degC": 10,
  "model": "SiG-785",
  "multi_wavecal": null,
  "product_configuration": "",
  "raman_intensity_calibration_order": 0,
  "raman_intensity_coeffs": [],
  "roi_horizontal_end": 0,
  "roi_horizontal_start": 0,
  "roi_vertical_region_1_end": 0,
  "roi_vertical_region_1_start": 0,
  "roi_vertical_region_2_end": 0,
  "roi_vertical_region_2_start": 0,
  "roi_vertical_region_3_end": 0,
  "roi_vertical_region_3_start": 0,
  "serial_number": "Fake_Spec1",
  "slit_size_um": 5,
  "spline_max": 0,
  "spline_min": 0,
  "spline_points": 0,
  "spline_wavelengths": [],
  "spline_y": [],
  "spline_y2": [],
  "startup_integration_time_ms": 10,
  "startup_temp_degC": 15,
  "startup_triggering_scheme": 0,
  "subformat": 3,
  "tec_beta": 3450,
  "tec_r298": 10000,
  "user_data": "array('B', [97, 116, 116, 101, 109, 112, 116, 101, 100, 32, 109, 111, 100, 105, 102, 121, 0, 0, 0, 0, 0, 0, 0, 0, 0, 0, 0, 0, 0, 0, 0, 0, 0, 0, 0, 0, 0, 0, 0, 0, 0, 0, 0, 0, 0, 0, 0, 0, 0, 0, 0, 0, 0, 0, 0, 0, 0, 0, 0, 0, 0, 0, 0])",
  "user_text": "attempted modify",
  "wavelength_coeffs": [
    773.5989990234375,
    0.16999299824237823,
    -3.822339931502938e-05,
    7.661180134732604e-09,
    0.0
  ],
  "write_buffers": []
}